order_id,user_id,product_id,quantity,order_date,total_amount
O-000000,U-0070,P-0043,5,2025-10-13T13:45:28.799247,259.6
O-000001,U-0001,P-0007,5,2025-02-24T13:45:28.799259,1027.35
O-000002,U-0081,P-0045,3,2025-02-19T13:45:28.799264,484.95
O-000003,U-0017,P-0007,5,2025-06-19T13:45:28.799269,1027.35
O-000004,U-0099,P-0001,1,2025-04-25T13:45:28.799273,454.51
O-000005,U-0047,P-0027,2,2025-10-06T13:45:28.799277,62.44
O-000006,U-0004,P-0032,4,2025-09-27T13:45:28.799281,470.12
O-000007,U-0021,P-0024,3,2025-02-20T13:45:28.799284,1229.76
O-000008,U-0013,P-0000,4,2025-06-23T13:45:28.799288,1348.8
O-000009,U-0050,P-0000,5,2025-02-07T13:45:28.799292,1686.0
O-000010,U-0037,P-0043,5,2025-12-02T13:45:28.799296,259.6
O-000011,U-0057,P-0011,5,2025-04-24T13:45:28.799300,1629.65
O-000012,U-0050,P-0040,4,2025-09-11T13:45:28.799303,1837.32
O-000013,U-0032,P-0007,3,2025-01-02T13:45:28.799307,616.41
O-000014,U-0092,P-0045,4,2025-02-21T13:45:28.799310,646.6
O-000015,U-0078,P-0007,4,2025-09-26T13:45:28.799314,821.88
O-000016,U-0048,P-0030,1,2025-09-23T13:45:28.799317,17.65
O-000017,U-0059,P-0015,5,2025-02-22T13:45:28.799321,728.95
O-000018,U-0061,P-0027,5,2025-06-27T13:45:28.799325,156.1
O-000019,U-0029,P-0017,1,2025-05-16T13:45:28.799328,77.22
O-000020,U-0021,P-0007,4,2025-08-26T13:45:28.799332,821.88
O-000021,U-0030,P-0020,1,2025-04-07T13:45:28.799336,153.63
O-000022,U-0056,P-0035,1,2025-11-30T13:45:28.799339,285.67
O-000023,U-0028,P-0042,4,2025-05-20T13:45:28.799343,685.4
O-000024,U-0021,P-0003,2,2025-11-27T13:45:28.799346,495.92
O-000025,U-0078,P-0034,4,2025-08-28T13:45:28.799350,1517.8
O-000026,U-0028,P-0033,5,2025-05-29T13:45:28.799354,1163.2
O-000027,U-0058,P-0012,1,2025-05-10T13:45:28.799357,76.21
O-000028,U-0099,P-0046,4,2025-08-05T13:45:28.799361,182.96
O-000029,U-0068,P-0041,1,2025-05-09T13:45:28.799364,476.71
O-000030,U-0047,P-0021,1,2025-07-28T13:45:28.799368,237.76
O-000031,U-0048,P-0048,1,2025-08-21T13:45:28.799371,397.5
O-000032,U-0083,P-0038,2,2025-11-14T13:45:28.799375,555.52
O-000033,U-0041,P-0036,4,2025-03-20T13:45:28.799379,703.16
O-000034,U-0090,P-0008,1,2025-10-12T13:45:28.799382,90.94
O-000035,U-0024,P-0017,5,2025-02-09T13:45:28.799386,386.1
O-000036,U-0049,P-0014,3,2025-09-27T13:45:28.799389,231.21
O-000037,U-0012,P-0011,5,2025-03-22T13:45:28.799393,1629.65
O-000038,U-0088,P-0025,5,2025-07-23T13:45:28.799397,673.85
O-000039,U-0002,P-0024,3,2025-12-09T13:45:28.799400,1229.76
O-000040,U-0015,P-0014,2,2025-09-06T13:45:28.799404,154.14
O-000041,U-0023,P-0007,4,2025-11-07T13:45:28.799407,821.88
O-000042,U-0033,P-0037,5,2025-06-02T13:45:28.799411,2414.2
O-000043,U-0010,P-0042,4,2025-08-06T13:45:28.799414,685.4
O-000044,U-0000,P-0035,5,2025-01-02T13:45:28.799418,1428.35
O-000045,U-0006,P-0029,2,2025-05-09T13:45:28.799421,547.6
O-000046,U-0011,P-0012,3,2025-08-25T13:45:28.799425,228.63
O-000047,U-0094,P-0015,2,2025-05-06T13:45:28.799428,291.58
O-000048,U-0085,P-0031,1,2025-09-01T13:45:28.799432,416.28
O-000049,U-0064,P-0023,2,2025-03-05T13:45:28.799435,131.94
O-000050,U-0005,P-0029,1,2025-05-26T13:45:28.799439,273.8
O-000051,U-0074,P-0041,2,2025-03-12T13:45:28.799443,953.42
O-000052,U-0098,P-0043,1,2025-08-25T13:45:28.799446,51.92
O-000053,U-0012,P-0022,4,2025-06-13T13:45:28.799450,378.8
O-000054,U-0021,P-0001,2,2025-08-14T13:45:28.799453,909.02
O-000055,U-0093,P-0042,4,2025-12-06T13:45:28.799457,685.4
O-000056,U-0074,P-0028,2,2025-10-03T13:45:28.799461,631.72
O-000057,U-0097,P-0008,5,2025-08-01T13:45:28.799464,454.7
O-000058,U-0034,P-0046,1,2025-01-24T13:45:28.799468,45.74
O-000059,U-0065,P-0031,5,2025-02-16T13:45:28.799471,2081.4
O-000060,U-0025,P-0029,1,2025-05-16T13:45:28.799475,273.8
O-000061,U-0025,P-0039,3,2025-04-28T13:45:28.799479,1241.7
O-000062,U-0006,P-0011,4,2025-02-27T13:45:28.799482,1303.72
O-000063,U-0003,P-0043,4,2025-04-27T13:45:28.799486,207.68
O-000064,U-0068,P-0042,2,2025-05-10T13:45:28.799489,342.7
O-000065,U-0044,P-0037,4,2025-11-30T13:45:28.799493,1931.36
O-000066,U-0055,P-0047,4,2025-03-11T13:45:28.799497,1808.2
O-000067,U-0028,P-0023,2,2025-01-21T13:45:28.799500,131.94
O-000068,U-0031,P-0021,3,2025-06-25T13:45:28.799504,713.28
O-000069,U-0083,P-0035,1,2025-06-04T13:45:28.799507,285.67
O-000070,U-0045,P-0002,4,2025-08-24T13:45:28.799511,904.44
O-000071,U-0067,P-0037,3,2025-11-25T13:45:28.799514,1448.52
O-000072,U-0042,P-0016,2,2025-11-01T13:45:28.799518,88.38
O-000073,U-0081,P-0009,3,2025-03-02T13:45:28.799521,1318.29
O-000074,U-0059,P-0019,5,2025-06-27T13:45:28.799525,981.45
O-000075,U-0053,P-0000,4,2025-04-29T13:45:28.799529,1348.8
O-000076,U-0005,P-0006,3,2025-09-06T13:45:28.799532,247.32
O-000077,U-0089,P-0026,4,2025-11-07T13:45:28.799536,780.24
O-000078,U-0088,P-0018,4,2025-04-27T13:45:28.799539,1126.36
O-000079,U-0012,P-0030,5,2025-06-18T13:45:28.799543,88.25
O-000080,U-0037,P-0009,3,2025-01-24T13:45:28.799547,1318.29
O-000081,U-0082,P-0014,4,2025-06-01T13:45:28.799550,308.28
O-000082,U-0034,P-0046,2,2025-12-17T13:45:28.799554,91.48
O-000083,U-0057,P-0000,3,2025-09-09T13:45:28.799557,1011.6
O-000084,U-0036,P-0014,1,2025-06-14T13:45:28.799561,77.07
O-000085,U-0004,P-0007,5,2025-01-19T13:45:28.799564,1027.35
O-000086,U-0089,P-0018,5,2025-06-23T13:45:28.799568,1407.95
O-000087,U-0007,P-0009,4,2025-09-06T13:45:28.799572,1757.72
O-000088,U-0096,P-0034,4,2025-05-19T13:45:28.799575,1517.8
O-000089,U-0021,P-0017,3,2025-08-29T13:45:28.799578,231.66
O-000090,U-0092,P-0028,4,2025-12-22T13:45:28.799582,1263.44
O-000091,U-0001,P-0008,3,2025-06-26T13:45:28.799585,272.82
O-000092,U-0008,P-0036,5,2025-02-02T13:45:28.799589,878.95
O-000093,U-0046,P-0047,3,2024-12-31T13:45:28.799593,1356.15
O-000094,U-0091,P-0002,2,2025-02-23T13:45:28.799596,452.22
O-000095,U-0018,P-0034,5,2025-02-22T13:45:28.799600,1897.25
O-000096,U-0032,P-0011,4,2025-03-18T13:45:28.799604,1303.72
O-000097,U-0075,P-0020,4,2025-12-24T13:45:28.799607,614.52
O-000098,U-0092,P-0031,3,2025-03-08T13:45:28.799611,1248.84
O-000099,U-0070,P-0007,4,2025-11-11T13:45:28.799614,821.88
O-000100,U-0052,P-0047,5,2025-01-28T13:45:28.799618,2260.25
O-000101,U-0057,P-0027,2,2025-03-31T13:45:28.799622,62.44
O-000102,U-0026,P-0006,3,2025-02-07T13:45:28.799625,247.32
O-000103,U-0079,P-0028,5,2025-07-23T13:45:28.799629,1579.3
O-000104,U-0034,P-0033,3,2025-01-10T13:45:28.799632,697.92
O-000105,U-0063,P-0020,5,2025-08-10T13:45:28.799636,768.15
O-000106,U-0026,P-0013,4,2025-05-13T13:45:28.799639,1184.72
O-000107,U-0036,P-0004,3,2025-09-15T13:45:28.799643,854.4
O-000108,U-0060,P-0006,3,2025-10-05T13:45:28.799646,247.32
O-000109,U-0097,P-0008,1,2025-08-16T13:45:28.799650,90.94
O-000110,U-0020,P-0048,3,2025-05-04T13:45:28.799653,1192.5
O-000111,U-0021,P-0016,5,2025-08-05T13:45:28.799657,220.95
O-000112,U-0077,P-0005,4,2025-10-31T13:45:28.799661,1225.56
O-000113,U-0041,P-0013,1,2025-12-05T13:45:28.799664,296.18
O-000114,U-0016,P-0020,1,2025-07-20T13:45:28.799668,153.63
O-000115,U-0073,P-0049,2,2025-09-27T13:45:28.799671,116.12
O-000116,U-0016,P-0014,3,2025-04-12T13:45:28.799675,231.21
O-000117,U-0089,P-0037,2,2025-09-20T13:45:28.799678,965.68
O-000118,U-0013,P-0028,2,2025-01-11T13:45:28.799682,631.72
O-000119,U-0044,P-0035,2,2025-09-15T13:45:28.799685,571.34
O-000120,U-0087,P-0009,4,2025-02-08T13:45:28.799689,1757.72
O-000121,U-0058,P-0018,1,2025-11-18T13:45:28.799692,281.59
O-000122,U-0051,P-0039,3,2025-06-26T13:45:28.799696,1241.7
O-000123,U-0048,P-0021,3,2025-08-30T13:45:28.799699,713.28
O-000124,U-0044,P-0028,5,2025-10-21T13:45:28.799703,1579.3
O-000125,U-0027,P-0027,5,2025-05-04T13:45:28.799706,156.1
O-000126,U-0097,P-0044,5,2025-08-09T13:45:28.799710,2212.8
O-000127,U-0036,P-0023,1,2025-02-07T13:45:28.799713,65.97
O-000128,U-0075,P-0014,2,2025-04-09T13:45:28.799717,154.14
O-000129,U-0092,P-0028,5,2025-02-09T13:45:28.799720,1579.3
O-000130,U-0015,P-0003,2,2025-04-10T13:45:28.799724,495.92
O-000131,U-0003,P-0025,4,2025-02-15T13:45:28.799727,539.08
O-000132,U-0050,P-0003,4,2025-06-25T13:45:28.799731,991.84
O-000133,U-0081,P-0040,4,2025-02-06T13:45:28.799734,1837.32
O-000134,U-0031,P-0029,2,2025-11-29T13:45:28.799738,547.6
O-000135,U-0043,P-0038,2,2025-05-22T13:45:28.799741,555.52
O-000136,U-0095,P-0013,1,2025-07-19T13:45:28.799813,296.18
O-000137,U-0005,P-0046,4,2025-04-05T13:45:28.799818,182.96
O-000138,U-0039,P-0030,5,2025-09-12T13:45:28.799821,88.25
O-000139,U-0001,P-0009,1,2025-11-03T13:45:28.799825,439.43
O-000140,U-0022,P-0000,1,2025-07-17T13:45:28.799829,337.2
O-000141,U-0088,P-0045,4,2025-11-03T13:45:28.799833,646.6
O-000142,U-0067,P-0001,5,2025-09-26T13:45:28.799836,2272.55
O-000143,U-0078,P-0028,1,2025-04-04T13:45:28.799840,315.86
O-000144,U-0032,P-0044,1,2025-07-30T13:45:28.799843,442.56
O-000145,U-0015,P-0020,2,2025-06-13T13:45:28.799847,307.26
O-000146,U-0092,P-0022,3,2025-12-22T13:45:28.799850,284.1
O-000147,U-0091,P-0043,3,2025-02-17T13:45:28.799854,155.76
O-000148,U-0061,P-0029,2,2025-11-06T13:45:28.799857,547.6
O-000149,U-0018,P-0006,5,2025-09-09T13:45:28.799861,412.2
O-000150,U-0051,P-0009,3,2025-07-10T13:45:28.799864,1318.29
O-000151,U-0049,P-0005,4,2025-05-26T13:45:28.799868,1225.56
O-000152,U-0084,P-0016,5,2025-09-30T13:45:28.799871,220.95
O-000153,U-0008,P-0041,3,2025-11-08T13:45:28.799875,1430.13
O-000154,U-0033,P-0040,2,2025-06-09T13:45:28.799878,918.66
O-000155,U-0074,P-0032,1,2025-02-08T13:45:28.799882,117.53
O-000156,U-0091,P-0008,3,2025-03-20T13:45:28.799885,272.82
O-000157,U-0011,P-0046,1,2025-02-18T13:45:28.799889,45.74
O-000158,U-0086,P-0026,3,2025-01-11T13:45:28.799892,585.18
O-000159,U-0033,P-0009,1,2025-04-16T13:45:28.799896,439.43
O-000160,U-0016,P-0003,4,2025-12-19T13:45:28.799899,991.84
O-000161,U-0097,P-0016,5,2025-04-23T13:45:28.799903,220.95
O-000162,U-0009,P-0045,4,2025-05-24T13:45:28.799906,646.6
O-000163,U-0081,P-0011,3,2025-04-28T13:45:28.799909,977.79
O-000164,U-0008,P-0004,4,2025-01-27T13:45:28.799913,1139.2
O-000165,U-0058,P-0046,5,2025-11-21T13:45:28.799917,228.7
O-000166,U-0042,P-0045,1,2025-07-17T13:45:28.799920,161.65
O-000167,U-0085,P-0047,2,2025-06-29T13:45:28.799923,904.1
O-000168,U-0027,P-0030,1,2025-02-26T13:45:28.799927,17.65
O-000169,U-0032,P-0039,4,2025-04-28T13:45:28.799931,1655.6
O-000170,U-0035,P-0041,2,2025-06-23T13:45:28.799934,953.42
O-000171,U-0092,P-0028,1,2025-06-26T13:45:28.799937,315.86
O-000172,U-0009,P-0009,5,2025-01-01T13:45:28.799941,2197.15
O-000173,U-0032,P-0001,1,2025-12-23T13:45:28.799944,454.51
O-000174,U-0089,P-0032,5,2025-08-13T13:45:28.799948,587.65
O-000175,U-0073,P-0035,4,2025-09-22T13:45:28.799951,1142.68
O-000176,U-0093,P-0030,2,2025-10-29T13:45:28.799955,35.3
O-000177,U-0087,P-0033,2,2025-06-09T13:45:28.799958,465.28
O-000178,U-0017,P-0006,2,2025-12-15T13:45:28.799962,164.88
O-000179,U-0088,P-0024,3,2025-03-27T13:45:28.799965,1229.76
O-000180,U-0036,P-0030,5,2025-05-04T13:45:28.799969,88.25
O-000181,U-0098,P-0003,2,2025-08-19T13:45:28.799972,495.92
O-000182,U-0045,P-0012,4,2025-03-25T13:45:28.799975,304.84
O-000183,U-0003,P-0005,1,2024-12-28T13:45:28.799979,306.39
O-000184,U-0065,P-0001,3,2025-11-18T13:45:28.799982,1363.53
O-000185,U-0013,P-0031,4,2025-11-04T13:45:28.799986,1665.12
O-000186,U-0024,P-0035,1,2025-01-29T13:45:28.799989,285.67
O-000187,U-0082,P-0027,4,2025-01-02T13:45:28.799993,124.88
O-000188,U-0043,P-0012,5,2025-08-09T13:45:28.799996,381.05
O-000189,U-0011,P-0046,4,2025-09-05T13:45:28.800000,182.96
O-000190,U-0034,P-0019,1,2025-11-29T13:45:28.800003,196.29
O-000191,U-0029,P-0030,3,2025-04-11T13:45:28.800006,52.95
O-000192,U-0079,P-0049,3,2025-02-16T13:45:28.800010,174.18
O-000193,U-0059,P-0044,3,2025-09-01T13:45:28.800013,1327.68
O-000194,U-0063,P-0009,5,2025-09-28T13:45:28.800017,2197.15
O-000195,U-0023,P-0026,5,2025-05-12T13:45:28.800021,975.3
O-000196,U-0049,P-0016,4,2025-10-06T13:45:28.800024,176.76
O-000197,U-0021,P-0015,4,2025-05-20T13:45:28.800027,583.16
O-000198,U-0010,P-0043,3,2025-08-11T13:45:28.800031,155.76
O-000199,U-0056,P-0019,1,2025-07-21T13:45:28.800034,196.29
O-000200,U-0084,P-0025,2,2025-06-01T13:45:28.800038,269.54
O-000201,U-0074,P-0021,4,2025-06-02T13:45:28.800041,951.04
O-000202,U-0064,P-0024,3,2025-05-23T13:45:28.800045,1229.76
O-000203,U-0009,P-0014,4,2025-12-05T13:45:28.800048,308.28
O-000204,U-0044,P-0031,5,2025-07-22T13:45:28.800051,2081.4
O-000205,U-0063,P-0026,3,2025-03-18T13:45:28.800055,585.18
O-000206,U-0098,P-0028,2,2025-10-21T13:45:28.800058,631.72
O-000207,U-0053,P-0039,5,2025-08-18T13:45:28.800062,2069.5
O-000208,U-0051,P-0018,1,2025-03-24T13:45:28.800065,281.59
O-000209,U-0016,P-0003,2,2025-10-13T13:45:28.800069,495.92
O-000210,U-0091,P-0008,4,2025-04-06T13:45:28.800072,363.76
O-000211,U-0088,P-0013,5,2025-08-18T13:45:28.800076,1480.9
O-000212,U-0073,P-0025,3,2025-03-09T13:45:28.800079,404.31
O-000213,U-0077,P-0020,1,2025-06-30T13:45:28.800083,153.63
O-000214,U-0015,P-0032,3,2025-12-02T13:45:28.800086,352.59
O-000215,U-0048,P-0005,1,2025-05-19T13:45:28.800090,306.39
O-000216,U-0063,P-0019,4,2025-09-16T13:45:28.800093,785.16
O-000217,U-0077,P-0040,5,2025-03-28T13:45:28.800096,2296.65
O-000218,U-0089,P-0002,2,2025-02-02T13:45:28.800100,452.22
O-000219,U-0076,P-0025,5,2025-06-02T13:45:28.800104,673.85
O-000220,U-0056,P-0041,2,2025-08-04T13:45:28.800108,953.42
O-000221,U-0070,P-0026,2,2025-01-17T13:45:28.800112,390.12
O-000222,U-0076,P-0036,4,2025-03-13T13:45:28.800116,703.16
O-000223,U-0066,P-0036,5,2024-12-28T13:45:28.800120,878.95
O-000224,U-0087,P-0033,1,2025-06-15T13:45:28.800124,232.64
O-000225,U-0073,P-0021,1,2025-11-17T13:45:28.800127,237.76
O-000226,U-0018,P-0037,3,2025-08-21T13:45:28.800130,1448.52
O-000227,U-0020,P-0037,2,2025-06-16T13:45:28.800134,965.68
O-000228,U-0059,P-0011,5,2025-04-16T13:45:28.800138,1629.65
O-000229,U-0054,P-0044,5,2024-12-28T13:45:28.800141,2212.8
O-000230,U-0017,P-0013,2,2025-10-18T13:45:28.800145,592.36
O-000231,U-0017,P-0037,4,2025-08-13T13:45:28.800148,1931.36
O-000232,U-0011,P-0020,2,2025-03-18T13:45:28.800152,307.26
O-000233,U-0087,P-0013,4,2025-04-28T13:45:28.800155,1184.72
O-000234,U-0047,P-0031,2,2025-05-09T13:45:28.800159,832.56
O-000235,U-0013,P-0017,3,2025-02-17T13:45:28.800162,231.66
O-000236,U-0084,P-0003,3,2025-01-26T13:45:28.800166,743.88
O-000237,U-0036,P-0027,4,2025-04-21T13:45:28.800186,124.88
O-000238,U-0063,P-0000,2,2025-03-03T13:45:28.800192,674.4
O-000239,U-0081,P-0033,4,2025-12-01T13:45:28.800196,930.56
O-000240,U-0095,P-0044,4,2025-02-14T13:45:28.800200,1770.24
O-000241,U-0044,P-0018,4,2025-07-22T13:45:28.800204,1126.36
O-000242,U-0064,P-0020,4,2025-08-17T13:45:28.800208,614.52
O-000243,U-0040,P-0043,3,2025-07-27T13:45:28.800212,155.76
O-000244,U-0007,P-0005,4,2025-05-27T13:45:28.800216,1225.56
O-000245,U-0084,P-0044,4,2025-10-25T13:45:28.800219,1770.24
O-000246,U-0089,P-0019,5,2025-10-31T13:45:28.800223,981.45
O-000247,U-0007,P-0001,3,2024-12-31T13:45:28.800227,1363.53
O-000248,U-0050,P-0008,1,2025-07-29T13:45:28.800231,90.94
O-000249,U-0026,P-0010,2,2025-10-21T13:45:28.800234,132.24
O-000250,U-0054,P-0035,2,2025-04-24T13:45:28.800238,571.34
O-000251,U-0064,P-0013,2,2025-03-26T13:45:28.800241,592.36
O-000252,U-0024,P-0047,3,2025-02-23T13:45:28.800245,1356.15
O-000253,U-0032,P-0026,2,2025-12-11T13:45:28.800248,390.12
O-000254,U-0087,P-0005,4,2025-06-26T13:45:28.800252,1225.56
O-000255,U-0082,P-0026,2,2025-01-17T13:45:28.800255,390.12
O-000256,U-0034,P-0046,2,2025-08-13T13:45:28.800259,91.48
O-000257,U-0007,P-0017,3,2025-10-26T13:45:28.800263,231.66
O-000258,U-0061,P-0016,1,2025-05-25T13:45:28.800266,44.19
O-000259,U-0074,P-0029,5,2025-05-31T13:45:28.800270,1369.0
O-000260,U-0076,P-0031,1,2025-10-29T13:45:28.800274,416.28
O-000261,U-0058,P-0020,5,2025-07-30T13:45:28.800277,768.15
O-000262,U-0076,P-0011,4,2025-10-07T13:45:28.800281,1303.72
O-000263,U-0002,P-0044,2,2025-09-21T13:45:28.800284,885.12
O-000264,U-0061,P-0026,4,2025-01-25T13:45:28.800288,780.24
O-000265,U-0003,P-0044,3,2025-09-10T13:45:28.800292,1327.68
O-000266,U-0064,P-0046,3,2025-08-31T13:45:28.800295,137.22
O-000267,U-0099,P-0029,3,2025-08-15T13:45:28.800299,821.4
O-000268,U-0056,P-0030,3,2025-10-01T13:45:28.800302,52.95
O-000269,U-0073,P-0047,1,2025-04-05T13:45:28.800306,452.05
O-000270,U-0033,P-0042,2,2025-01-17T13:45:28.800310,342.7
O-000271,U-0044,P-0012,4,2025-09-09T13:45:28.800313,304.84
O-000272,U-0017,P-0003,1,2025-06-19T13:45:28.800331,247.96
O-000273,U-0083,P-0047,3,2025-07-16T13:45:28.800336,1356.15
O-000274,U-0007,P-0028,2,2025-05-26T13:45:28.800340,631.72
O-000275,U-0066,P-0014,5,2025-06-13T13:45:28.800344,385.35
O-000276,U-0066,P-0015,3,2025-07-17T13:45:28.800347,437.37
O-000277,U-0025,P-0022,3,2025-04-30T13:45:28.800351,284.1
O-000278,U-0091,P-0019,2,2025-12-25T13:45:28.800355,392.58
O-000279,U-0081,P-0026,5,2025-02-05T13:45:28.800358,975.3
O-000280,U-0032,P-0025,3,2025-09-06T13:45:28.800362,404.31
O-000281,U-0070,P-0040,1,2025-05-08T13:45:28.800366,459.33
O-000282,U-0038,P-0010,4,2025-08-12T13:45:28.800369,264.48
O-000283,U-0080,P-0037,5,2025-10-20T13:45:28.800373,2414.2
O-000284,U-0071,P-0005,1,2025-07-12T13:45:28.800377,306.39
O-000285,U-0018,P-0004,3,2025-01-01T13:45:28.800380,854.4
O-000286,U-0078,P-0036,4,2025-11-02T13:45:28.800384,703.16
O-000287,U-0093,P-0022,5,2025-05-24T13:45:28.800387,473.5
O-000288,U-0062,P-0024,2,2025-09-08T13:45:28.800402,819.84
O-000289,U-0050,P-0016,1,2025-03-23T13:45:28.800410,44.19
O-000290,U-0092,P-0027,5,2025-01-26T13:45:28.800415,156.1
O-000291,U-0067,P-0016,1,2025-01-06T13:45:28.800419,44.19
O-000292,U-0046,P-0038,1,2025-01-04T13:45:28.800423,277.76
O-000293,U-0022,P-0010,4,2025-02-21T13:45:28.800427,264.48
O-000294,U-0088,P-0010,3,2025-04-07T13:45:28.800431,198.36
O-000295,U-0071,P-0023,4,2025-10-27T13:45:28.800436,263.88
O-000296,U-0046,P-0043,4,2025-05-11T13:45:28.800439,207.68
O-000297,U-0017,P-0030,1,2025-11-20T13:45:28.800443,17.65
O-000298,U-0081,P-0019,3,2025-08-29T13:45:28.800447,588.87
O-000299,U-0094,P-0002,2,2025-02-16T13:45:28.800451,452.22
O-000300,U-0012,P-0037,4,2025-03-19T13:45:28.800454,1931.36
O-000301,U-0034,P-0021,5,2025-06-21T13:45:28.800458,1188.8
O-000302,U-0083,P-0009,1,2025-11-14T13:45:28.800462,439.43
O-000303,U-0084,P-0048,1,2024-12-28T13:45:28.800466,397.5
O-000304,U-0026,P-0009,3,2025-05-25T13:45:28.800469,1318.29
O-000305,U-0037,P-0031,2,2025-08-22T13:45:28.800473,832.56
O-000306,U-0004,P-0012,5,2025-11-11T13:45:28.800477,381.05
O-000307,U-0090,P-0009,5,2025-01-05T13:45:28.800481,2197.15
O-000308,U-0068,P-0026,2,2025-06-30T13:45:28.800484,390.12
O-000309,U-0004,P-0008,3,2025-02-07T13:45:28.800488,272.82
O-000310,U-0072,P-0038,2,2025-11-30T13:45:28.800492,555.52
O-000311,U-0008,P-0028,5,2025-11-18T13:45:28.800495,1579.3
O-000312,U-0038,P-0019,4,2025-12-02T13:45:28.800499,785.16
O-000313,U-0072,P-0046,2,2025-06-02T13:45:28.800502,91.48
O-000314,U-0050,P-0028,4,2025-06-24T13:45:28.800506,1263.44
O-000315,U-0005,P-0000,4,2025-10-11T13:45:28.800510,1348.8
O-000316,U-0091,P-0005,2,2025-04-09T13:45:28.800514,612.78
O-000317,U-0030,P-0043,5,2025-12-07T13:45:28.800517,259.6
O-000318,U-0073,P-0043,3,2025-01-29T13:45:28.800521,155.76
O-000319,U-0018,P-0007,4,2025-03-10T13:45:28.800525,821.88
O-000320,U-0001,P-0005,5,2025-04-07T13:45:28.800528,1531.95
O-000321,U-0079,P-0020,1,2025-12-04T13:45:28.800532,153.63
O-000322,U-0083,P-0008,5,2025-12-22T13:45:28.800535,454.7
O-000323,U-0024,P-0022,1,2025-10-19T13:45:28.800539,94.7
O-000324,U-0038,P-0031,2,2025-12-12T13:45:28.800543,832.56
O-000325,U-0055,P-0020,5,2025-10-18T13:45:28.800546,768.15
O-000326,U-0080,P-0022,4,2025-01-04T13:45:28.800550,378.8
O-000327,U-0005,P-0007,2,2025-07-20T13:45:28.800554,410.94
O-000328,U-0016,P-0002,5,2025-10-24T13:45:28.800557,1130.55
O-000329,U-0060,P-0016,4,2025-06-22T13:45:28.800561,176.76
O-000330,U-0060,P-0005,1,2025-01-04T13:45:28.800565,306.39
O-000331,U-0091,P-0005,3,2025-07-16T13:45:28.800568,919.17
O-000332,U-0009,P-0012,5,2025-11-24T13:45:28.800572,381.05
O-000333,U-0015,P-0028,3,2025-10-20T13:45:28.800575,947.58
O-000334,U-0050,P-0030,2,2025-10-21T13:45:28.800579,35.3
O-000335,U-0068,P-0032,2,2025-11-18T13:45:28.800583,235.06
O-000336,U-0088,P-0021,2,2025-09-10T13:45:28.800587,475.52
O-000337,U-0037,P-0034,1,2025-07-10T13:45:28.800590,379.45
O-000338,U-0066,P-0046,4,2025-12-12T13:45:28.800594,182.96
O-000339,U-0075,P-0007,3,2025-02-28T13:45:28.800598,616.41
O-000340,U-0000,P-0006,4,2025-12-16T13:45:28.800601,329.76
O-000341,U-0047,P-0044,5,2025-12-16T13:45:28.800606,2212.8
O-000342,U-0004,P-0046,5,2025-03-12T13:45:28.800609,228.7
O-000343,U-0088,P-0022,1,2025-12-01T13:45:28.800613,94.7
O-000344,U-0035,P-0032,5,2025-08-24T13:45:28.800617,587.65
O-000345,U-0098,P-0026,5,2025-11-25T13:45:28.800620,975.3
O-000346,U-0012,P-0048,2,2025-05-01T13:45:28.800624,795.0
O-000347,U-0041,P-0016,3,2025-10-08T13:45:28.800628,132.57
O-000348,U-0003,P-0006,3,2025-06-01T13:45:28.800632,247.32
O-000349,U-0004,P-0035,3,2025-08-20T13:45:28.800636,857.01
O-000350,U-0034,P-0038,1,2025-06-18T13:45:28.800639,277.76
O-000351,U-0072,P-0025,5,2025-07-18T13:45:28.800643,673.85
O-000352,U-0076,P-0030,4,2025-12-25T13:45:28.800646,70.6
O-000353,U-0064,P-0032,1,2025-03-31T13:45:28.800650,117.53
O-000354,U-0007,P-0031,1,2025-05-28T13:45:28.800654,416.28
O-000355,U-0047,P-0028,5,2025-04-11T13:45:28.800657,1579.3
O-000356,U-0053,P-0039,4,2025-01-13T13:45:28.800661,1655.6
O-000357,U-0053,P-0020,5,2025-01-12T13:45:28.800665,768.15
O-000358,U-0077,P-0030,4,2025-04-01T13:45:28.800668,70.6
O-000359,U-0094,P-0033,1,2025-11-02T13:45:28.800672,232.64
O-000360,U-0014,P-0003,2,2025-04-13T13:45:28.800675,495.92
O-000361,U-0074,P-0043,3,2025-03-27T13:45:28.800679,155.76
O-000362,U-0099,P-0001,1,2025-09-26T13:45:28.800683,454.51
O-000363,U-0009,P-0040,5,2025-11-23T13:45:28.800686,2296.65
O-000364,U-0040,P-0043,2,2025-01-06T13:45:28.800690,103.84
O-000365,U-0002,P-0022,4,2025-06-16T13:45:28.800694,378.8
O-000366,U-0089,P-0044,5,2025-01-05T13:45:28.800697,2212.8
O-000367,U-0077,P-0003,4,2024-12-30T13:45:28.800701,991.84
O-000368,U-0050,P-0026,1,2025-06-01T13:45:28.800704,195.06
O-000369,U-0014,P-0029,1,2025-10-03T13:45:28.800708,273.8
O-000370,U-0065,P-0049,5,2025-11-21T13:45:28.800711,290.3
O-000371,U-0089,P-0017,5,2025-08-04T13:45:28.800715,386.1
O-000372,U-0080,P-0022,3,2025-09-01T13:45:28.800718,284.1
O-000373,U-0068,P-0047,1,2025-07-26T13:45:28.800722,452.05
O-000374,U-0034,P-0015,4,2025-07-27T13:45:28.800726,583.16
O-000375,U-0034,P-0008,1,2025-02-28T13:45:28.800729,90.94
O-000376,U-0006,P-0037,3,2025-11-28T13:45:28.800733,1448.52
O-000377,U-0043,P-0037,3,2025-04-12T13:45:28.800736,1448.52
O-000378,U-0082,P-0047,2,2025-07-31T13:45:28.800740,904.1
O-000379,U-0048,P-0006,2,2025-10-29T13:45:28.800744,164.88
O-000380,U-0063,P-0038,2,2025-01-04T13:45:28.800747,555.52
O-000381,U-0068,P-0040,1,2025-10-28T13:45:28.800751,459.33
O-000382,U-0001,P-0029,2,2025-02-23T13:45:28.800754,547.6
O-000383,U-0054,P-0012,3,2025-07-02T13:45:28.800758,228.63
O-000384,U-0088,P-0026,5,2025-08-24T13:45:28.800762,975.3
O-000385,U-0082,P-0025,5,2025-09-13T13:45:28.800765,673.85
O-000386,U-0075,P-0011,4,2025-01-23T13:45:28.800769,1303.72
O-000387,U-0042,P-0030,4,2024-12-29T13:45:28.800773,70.6
O-000388,U-0028,P-0037,4,2025-02-28T13:45:28.800776,1931.36
O-000389,U-0091,P-0005,1,2025-12-15T13:45:28.800780,306.39
O-000390,U-0020,P-0001,3,2025-06-30T13:45:28.800783,1363.53
O-000391,U-0089,P-0037,4,2025-08-27T13:45:28.800787,1931.36
O-000392,U-0044,P-0046,5,2025-04-10T13:45:28.800790,228.7
O-000393,U-0085,P-0003,5,2025-08-07T13:45:28.800794,1239.8
O-000394,U-0093,P-0040,5,2025-06-26T13:45:28.800798,2296.65
O-000395,U-0078,P-0021,4,2025-12-08T13:45:28.800801,951.04
O-000396,U-0089,P-0027,5,2025-04-28T13:45:28.800805,156.1
O-000397,U-0014,P-0024,4,2025-10-11T13:45:28.800809,1639.68
O-000398,U-0072,P-0009,2,2025-01-17T13:45:28.800812,878.86
O-000399,U-0080,P-0035,4,2025-06-10T13:45:28.800816,1142.68
O-000400,U-0039,P-0047,1,2025-08-05T13:45:28.800819,452.05
O-000401,U-0061,P-0018,2,2025-03-20T13:45:28.800823,563.18
O-000402,U-0085,P-0000,5,2025-02-12T13:45:28.800826,1686.0
O-000403,U-0086,P-0027,4,2025-02-22T13:45:28.800830,124.88
O-000404,U-0079,P-0032,5,2025-04-28T13:45:28.800833,587.65
O-000405,U-0041,P-0037,5,2025-04-18T13:45:28.800837,2414.2
O-000406,U-0043,P-0036,3,2025-09-05T13:45:28.800840,527.37
O-000407,U-0084,P-0017,1,2025-01-31T13:45:28.800844,77.22
O-000408,U-0020,P-0030,4,2025-01-02T13:45:28.800860,70.6
O-000409,U-0000,P-0029,1,2025-06-13T13:45:28.800865,273.8
O-000410,U-0069,P-0043,5,2025-02-22T13:45:28.800869,259.6
O-000411,U-0038,P-0037,5,2025-11-22T13:45:28.800873,2414.2
O-000412,U-0074,P-0044,1,2025-11-27T13:45:28.800876,442.56
O-000413,U-0048,P-0010,2,2025-02-13T13:45:28.800880,132.24
O-000414,U-0046,P-0046,3,2025-03-23T13:45:28.800884,137.22
O-000415,U-0044,P-0027,2,2025-04-04T13:45:28.800887,62.44
O-000416,U-0010,P-0030,3,2025-10-02T13:45:28.800891,52.95
O-000417,U-0025,P-0035,2,2024-12-29T13:45:28.800894,571.34
O-000418,U-0091,P-0035,5,2025-09-29T13:45:28.800898,1428.35
O-000419,U-0075,P-0008,4,2025-04-26T13:45:28.800902,363.76
O-000420,U-0097,P-0045,2,2025-10-25T13:45:28.800905,323.3
O-000421,U-0031,P-0048,5,2025-06-21T13:45:28.800909,1987.5
O-000422,U-0069,P-0018,5,2025-07-05T13:45:28.800912,1407.95
O-000423,U-0012,P-0041,1,2025-04-02T13:45:28.800916,476.71
O-000424,U-0095,P-0031,3,2025-05-16T13:45:28.800920,1248.84
O-000425,U-0037,P-0003,4,2025-06-08T13:45:28.800923,991.84
O-000426,U-0040,P-0004,1,2025-02-07T13:45:28.800927,284.8
O-000427,U-0088,P-0038,3,2025-09-23T13:45:28.800930,833.28
O-000428,U-0088,P-0035,2,2025-05-11T13:45:28.800934,571.34
O-000429,U-0023,P-0029,1,2025-06-13T13:45:28.800937,273.8
O-000430,U-0040,P-0001,2,2025-11-06T13:45:28.800941,909.02
O-000431,U-0080,P-0034,5,2025-09-15T13:45:28.800945,1897.25
O-000432,U-0047,P-0020,1,2025-03-08T13:45:28.800948,153.63
O-000433,U-0087,P-0012,5,2025-07-02T13:45:28.800952,381.05
O-000434,U-0075,P-0038,3,2025-06-15T13:45:28.800955,833.28
O-000435,U-0059,P-0010,5,2025-01-05T13:45:28.800959,330.6
O-000436,U-0095,P-0015,4,2025-07-19T13:45:28.800962,583.16
O-000437,U-0011,P-0032,4,2025-11-27T13:45:28.800966,470.12
O-000438,U-0027,P-0032,5,2025-03-30T13:45:28.800969,587.65
O-000439,U-0043,P-0004,5,2025-02-23T13:45:28.800973,1424.0
O-000440,U-0056,P-0034,5,2025-07-01T13:45:28.800976,1897.25
O-000441,U-0042,P-0033,3,2025-08-08T13:45:28.800980,697.92
O-000442,U-0075,P-0021,2,2025-06-24T13:45:28.800983,475.52
O-000443,U-0071,P-0029,3,2025-11-24T13:45:28.800987,821.4
O-000444,U-0029,P-0019,5,2025-11-23T13:45:28.800990,981.45
O-000445,U-0065,P-0009,5,2025-06-03T13:45:28.800994,2197.15
O-000446,U-0092,P-0007,5,2025-12-03T13:45:28.800998,1027.35
O-000447,U-0035,P-0025,4,2025-05-20T13:45:28.801001,539.08
O-000448,U-0064,P-0037,1,2025-08-25T13:45:28.801012,482.84
O-000449,U-0051,P-0037,4,2025-11-20T13:45:28.801017,1931.36
O-000450,U-0040,P-0049,4,2025-01-02T13:45:28.801021,232.24
O-000451,U-0090,P-0006,1,2025-03-04T13:45:28.801024,82.44
O-000452,U-0057,P-0035,5,2025-01-02T13:45:28.801028,1428.35
O-000453,U-0047,P-0026,1,2025-04-27T13:45:28.801032,195.06
O-000454,U-0078,P-0000,1,2025-05-28T13:45:28.801035,337.2
O-000455,U-0087,P-0016,3,2025-08-09T13:45:28.801039,132.57
O-000456,U-0096,P-0032,5,2025-06-02T13:45:28.801042,587.65
O-000457,U-0010,P-0030,1,2025-05-25T13:45:28.801046,17.65
O-000458,U-0036,P-0011,4,2025-06-22T13:45:28.801049,1303.72
O-000459,U-0016,P-0022,2,2025-12-05T13:45:28.801053,189.4
O-000460,U-0024,P-0023,1,2025-12-08T13:45:28.801056,65.97
O-000461,U-0080,P-0014,2,2025-03-02T13:45:28.801060,154.14
O-000462,U-0057,P-0038,4,2025-10-06T13:45:28.801064,1111.04
O-000463,U-0044,P-0019,1,2025-04-24T13:45:28.801067,196.29
O-000464,U-0006,P-0042,5,2025-11-27T13:45:28.801071,856.75
O-000465,U-0046,P-0035,4,2025-06-22T13:45:28.801074,1142.68
O-000466,U-0010,P-0029,4,2025-09-11T13:45:28.801078,1095.2
O-000467,U-0085,P-0046,3,2025-12-12T13:45:28.801081,137.22
O-000468,U-0077,P-0029,5,2025-06-30T13:45:28.801085,1369.0
O-000469,U-0068,P-0037,2,2025-03-19T13:45:28.801088,965.68
O-000470,U-0064,P-0011,1,2025-09-18T13:45:28.801092,325.93
O-000471,U-0041,P-0042,3,2025-04-01T13:45:28.801095,514.05
O-000472,U-0039,P-0043,4,2025-07-15T13:45:28.801099,207.68
O-000473,U-0008,P-0043,5,2025-01-14T13:45:28.801102,259.6
O-000474,U-0078,P-0024,3,2025-09-24T13:45:28.801106,1229.76
O-000475,U-0060,P-0037,3,2025-12-15T13:45:28.801109,1448.52
O-000476,U-0035,P-0018,1,2025-07-15T13:45:28.801113,281.59
O-000477,U-0024,P-0048,3,2025-12-15T13:45:28.801116,1192.5
O-000478,U-0021,P-0023,5,2024-12-31T13:45:28.801120,329.85
O-000479,U-0089,P-0041,2,2025-11-27T13:45:28.801123,953.42
O-000480,U-0018,P-0027,1,2025-07-06T13:45:28.801127,31.22
O-000481,U-0092,P-0044,4,2025-06-26T13:45:28.801130,1770.24
O-000482,U-0068,P-0005,3,2025-05-05T13:45:28.801134,919.17
O-000483,U-0008,P-0023,5,2025-07-20T13:45:28.801137,329.85
O-000484,U-0027,P-0011,5,2025-03-11T13:45:28.801141,1629.65
O-000485,U-0089,P-0026,1,2025-03-26T13:45:28.801144,195.06
O-000486,U-0058,P-0017,3,2025-07-30T13:45:28.801148,231.66
O-000487,U-0014,P-0006,1,2025-10-22T13:45:28.801151,82.44
O-000488,U-0068,P-0044,5,2025-02-19T13:45:28.801155,2212.8
O-000489,U-0077,P-0020,2,2025-04-04T13:45:28.801158,307.26
O-000490,U-0024,P-0044,5,2025-04-10T13:45:28.801162,2212.8
O-000491,U-0069,P-0049,2,2025-12-06T13:45:28.801165,116.12
O-000492,U-0096,P-0022,1,2025-10-17T13:45:28.801169,94.7
O-000493,U-0079,P-0013,3,2025-05-26T13:45:28.801172,888.54
O-000494,U-0067,P-0048,4,2025-09-17T13:45:28.801176,1590.0
O-000495,U-0004,P-0002,4,2025-06-24T13:45:28.801179,904.44
O-000496,U-0079,P-0012,5,2025-11-26T13:45:28.801183,381.05
O-000497,U-0065,P-0006,4,2025-01-31T13:45:28.801187,329.76
O-000498,U-0072,P-0005,1,2025-06-28T13:45:28.801190,306.39
O-000499,U-0032,P-0008,3,2025-08-01T13:45:28.801194,272.82
O-000500,U-0067,P-0045,3,2025-05-15T13:45:28.801197,484.95
O-000501,U-0002,P-0048,5,2025-10-20T13:45:28.801201,1987.5
O-000502,U-0034,P-0010,1,2025-12-03T13:45:28.801204,66.12
O-000503,U-0092,P-0020,5,2025-01-15T13:45:28.801208,768.15
O-000504,U-0004,P-0017,1,2025-04-14T13:45:28.801211,77.22
O-000505,U-0058,P-0043,3,2025-06-02T13:45:28.801215,155.76
O-000506,U-0059,P-0037,5,2025-07-25T13:45:28.801218,2414.2
O-000507,U-0036,P-0004,4,2025-07-13T13:45:28.801221,1139.2
O-000508,U-0040,P-0016,2,2025-01-12T13:45:28.801225,88.38
O-000509,U-0007,P-0036,3,2025-08-14T13:45:28.801228,527.37
O-000510,U-0099,P-0043,3,2025-02-01T13:45:28.801232,155.76
O-000511,U-0039,P-0004,1,2025-02-03T13:45:28.801235,284.8
O-000512,U-0091,P-0029,1,2025-02-03T13:45:28.801239,273.8
O-000513,U-0067,P-0012,4,2025-07-13T13:45:28.801242,304.84
O-000514,U-0071,P-0017,4,2025-11-01T13:45:28.801246,308.88
O-000515,U-0006,P-0023,5,2025-04-20T13:45:28.801249,329.85
O-000516,U-0010,P-0040,3,2025-03-14T13:45:28.801253,1377.99
O-000517,U-0033,P-0018,5,2025-04-08T13:45:28.801256,1407.95
O-000518,U-0041,P-0000,3,2025-02-10T13:45:28.801260,1011.6
O-000519,U-0008,P-0032,1,2025-05-03T13:45:28.801263,117.53
O-000520,U-0001,P-0046,2,2025-02-19T13:45:28.801266,91.48
O-000521,U-0031,P-0044,5,2025-02-10T13:45:28.801270,2212.8
O-000522,U-0038,P-0025,4,2025-10-14T13:45:28.801273,539.08
O-000523,U-0011,P-0044,1,2025-01-21T13:45:28.801277,442.56
O-000524,U-0028,P-0001,5,2025-09-18T13:45:28.801280,2272.55
O-000525,U-0062,P-0014,3,2025-06-16T13:45:28.801284,231.21
O-000526,U-0053,P-0017,3,2025-02-03T13:45:28.801287,231.66
O-000527,U-0007,P-0039,1,2025-07-04T13:45:28.801291,413.9
O-000528,U-0029,P-0003,4,2025-10-13T13:45:28.801294,991.84
O-000529,U-0006,P-0044,5,2025-06-09T13:45:28.801298,2212.8
O-000530,U-0074,P-0038,2,2025-02-28T13:45:28.801301,555.52
O-000531,U-0064,P-0041,3,2025-05-02T13:45:28.801305,1430.13
O-000532,U-0099,P-0049,4,2025-09-25T13:45:28.801308,232.24
O-000533,U-0007,P-0022,4,2025-08-15T13:45:28.801312,378.8
O-000534,U-0095,P-0001,1,2025-09-07T13:45:28.801315,454.51
O-000535,U-0066,P-0022,1,2025-04-01T13:45:28.801319,94.7
O-000536,U-0025,P-0037,3,2025-03-23T13:45:28.801322,1448.52
O-000537,U-0052,P-0007,5,2025-12-25T13:45:28.801326,1027.35
O-000538,U-0040,P-0028,1,2025-02-10T13:45:28.801329,315.86
O-000539,U-0063,P-0011,1,2025-05-11T13:45:28.801333,325.93
O-000540,U-0094,P-0007,4,2025-01-17T13:45:28.801336,821.88
O-000541,U-0085,P-0045,2,2025-06-23T13:45:28.801340,323.3
O-000542,U-0029,P-0002,5,2025-07-07T13:45:28.801343,1130.55
O-000543,U-0099,P-0043,2,2025-01-24T13:45:28.801347,103.84
O-000544,U-0044,P-0006,5,2025-03-16T13:45:28.801361,412.2
O-000545,U-0083,P-0004,1,2025-04-28T13:45:28.801365,284.8
O-000546,U-0076,P-0015,2,2025-07-26T13:45:28.801369,291.58
O-000547,U-0042,P-0047,2,2025-11-04T13:45:28.801373,904.1
O-000548,U-0037,P-0043,5,2025-06-15T13:45:28.801376,259.6
O-000549,U-0032,P-0040,2,2025-07-02T13:45:28.801380,918.66
O-000550,U-0006,P-0012,1,2025-10-20T13:45:28.801383,76.21
O-000551,U-0088,P-0048,3,2025-06-23T13:45:28.801387,1192.5
O-000552,U-0083,P-0020,4,2025-01-03T13:45:28.801390,614.52
O-000553,U-0029,P-0028,2,2025-10-06T13:45:28.801394,631.72
O-000554,U-0099,P-0027,3,2025-04-21T13:45:28.801397,93.66
O-000555,U-0068,P-0017,2,2025-04-06T13:45:28.801401,154.44
O-000556,U-0055,P-0026,1,2025-06-13T13:45:28.801404,195.06
O-000557,U-0004,P-0036,1,2025-01-21T13:45:28.801408,175.79
O-000558,U-0081,P-0011,5,2025-04-08T13:45:28.801411,1629.65
O-000559,U-0095,P-0014,5,2025-11-23T13:45:28.801415,385.35
O-000560,U-0052,P-0049,2,2025-03-16T13:45:28.801418,116.12
O-000561,U-0015,P-0040,1,2025-10-27T13:45:28.801422,459.33
O-000562,U-0030,P-0009,5,2025-06-09T13:45:28.801425,2197.15
O-000563,U-0089,P-0015,1,2025-01-22T13:45:28.801429,145.79
O-000564,U-0077,P-0021,2,2025-04-22T13:45:28.801432,475.52
O-000565,U-0092,P-0004,2,2025-08-09T13:45:28.801436,569.6
O-000566,U-0058,P-0021,4,2025-05-11T13:45:28.801439,951.04
O-000567,U-0086,P-0002,2,2025-10-09T13:45:28.801442,452.22
O-000568,U-0075,P-0003,1,2025-09-27T13:45:28.801446,247.96
O-000569,U-0064,P-0040,5,2025-08-03T13:45:28.801449,2296.65
O-000570,U-0063,P-0026,4,2025-11-22T13:45:28.801453,780.24
O-000571,U-0079,P-0020,5,2025-05-07T13:45:28.801456,768.15
O-000572,U-0048,P-0024,2,2025-04-06T13:45:28.801460,819.84
O-000573,U-0047,P-0042,3,2025-03-09T13:45:28.801463,514.05
O-000574,U-0031,P-0012,4,2025-11-30T13:45:28.801466,304.84
O-000575,U-0043,P-0017,2,2025-03-30T13:45:28.801470,154.44
O-000576,U-0031,P-0045,2,2025-01-07T13:45:28.801474,323.3
O-000577,U-0093,P-0007,2,2025-11-05T13:45:28.801477,410.94
O-000578,U-0030,P-0013,1,2025-01-06T13:45:28.801481,296.18
O-000579,U-0038,P-0022,2,2025-05-30T13:45:28.801484,189.4
O-000580,U-0020,P-0046,3,2025-02-09T13:45:28.801488,137.22
O-000581,U-0063,P-0023,2,2025-10-30T13:45:28.801491,131.94
O-000582,U-0018,P-0004,1,2025-02-18T13:45:28.801495,284.8
O-000583,U-0030,P-0023,3,2025-04-24T13:45:28.801498,197.91
O-000584,U-0012,P-0023,4,2024-12-31T13:45:28.801502,263.88
O-000585,U-0087,P-0045,4,2025-10-20T13:45:28.801505,646.6
O-000586,U-0081,P-0033,2,2025-02-20T13:45:28.801508,465.28
O-000587,U-0010,P-0018,5,2025-02-02T13:45:28.801512,1407.95
O-000588,U-0061,P-0039,5,2025-11-16T13:45:28.801516,2069.5
O-000589,U-0070,P-0017,1,2025-02-22T13:45:28.801519,77.22
O-000590,U-0016,P-0032,5,2025-11-08T13:45:28.801522,587.65
O-000591,U-0022,P-0021,2,2025-05-16T13:45:28.801526,475.52
O-000592,U-0096,P-0039,3,2025-11-19T13:45:28.801530,1241.7
O-000593,U-0057,P-0040,4,2025-05-19T13:45:28.801533,1837.32
O-000594,U-0075,P-0021,5,2025-04-28T13:45:28.801536,1188.8
O-000595,U-0097,P-0010,4,2025-05-31T13:45:28.801540,264.48
O-000596,U-0049,P-0018,2,2025-09-11T13:45:28.801543,563.18
O-000597,U-0066,P-0041,1,2025-01-24T13:45:28.801547,476.71
O-000598,U-0057,P-0025,4,2025-05-07T13:45:28.801550,539.08
O-000599,U-0028,P-0007,4,2025-01-22T13:45:28.801554,821.88
O-000600,U-0000,P-0017,5,2025-03-27T13:45:28.801557,386.1
O-000601,U-0043,P-0037,4,2025-05-11T13:45:28.801561,1931.36
O-000602,U-0037,P-0007,5,2025-02-04T13:45:28.801564,1027.35
O-000603,U-0097,P-0004,4,2024-12-28T13:45:28.801568,1139.2
O-000604,U-0022,P-0015,1,2025-02-15T13:45:28.801571,145.79
O-000605,U-0034,P-0045,1,2025-11-04T13:45:28.801575,161.65
O-000606,U-0063,P-0017,5,2025-10-08T13:45:28.801578,386.1
O-000607,U-0087,P-0002,2,2025-04-15T13:45:28.801582,452.22
O-000608,U-0099,P-0012,3,2025-05-09T13:45:28.801585,228.63
O-000609,U-0079,P-0030,4,2025-03-07T13:45:28.801589,70.6
O-000610,U-0064,P-0026,3,2025-08-20T13:45:28.801592,585.18
O-000611,U-0020,P-0006,3,2025-05-27T13:45:28.801596,247.32
O-000612,U-0028,P-0005,3,2025-02-22T13:45:28.801599,919.17
O-000613,U-0014,P-0037,3,2025-01-14T13:45:28.801603,1448.52
O-000614,U-0084,P-0001,2,2025-01-10T13:45:28.801606,909.02
O-000615,U-0003,P-0048,1,2025-03-04T13:45:28.801609,397.5
O-000616,U-0036,P-0005,1,2025-08-09T13:45:28.801613,306.39
O-000617,U-0018,P-0014,3,2024-12-30T13:45:28.801616,231.21
O-000618,U-0067,P-0036,5,2025-08-02T13:45:28.801620,878.95
O-000619,U-0083,P-0003,5,2025-04-19T13:45:28.801623,1239.8
O-000620,U-0062,P-0011,1,2025-11-26T13:45:28.801627,325.93
O-000621,U-0027,P-0047,1,2025-05-01T13:45:28.801630,452.05
O-000622,U-0011,P-0020,4,2025-01-15T13:45:28.801633,614.52
O-000623,U-0022,P-0043,3,2025-02-18T13:45:28.801637,155.76
O-000624,U-0044,P-0048,3,2025-09-21T13:45:28.801640,1192.5
O-000625,U-0052,P-0047,5,2025-05-03T13:45:28.801644,2260.25
O-000626,U-0071,P-0005,3,2025-02-28T13:45:28.801647,919.17
O-000627,U-0055,P-0007,5,2025-01-04T13:45:28.801651,1027.35
O-000628,U-0085,P-0026,4,2025-06-10T13:45:28.801654,780.24
O-000629,U-0047,P-0010,1,2025-08-09T13:45:28.801658,66.12
O-000630,U-0067,P-0004,3,2025-02-22T13:45:28.801661,854.4
O-000631,U-0004,P-0005,2,2025-10-03T13:45:28.801664,612.78
O-000632,U-0097,P-0014,2,2025-08-10T13:45:28.801668,154.14
O-000633,U-0045,P-0037,4,2025-11-25T13:45:28.801671,1931.36
O-000634,U-0036,P-0014,3,2025-07-24T13:45:28.801674,231.21
O-000635,U-0065,P-0046,2,2025-11-16T13:45:28.801678,91.48
O-000636,U-0007,P-0009,2,2025-09-05T13:45:28.801681,878.86
O-000637,U-0067,P-0012,3,2025-12-16T13:45:28.801684,228.63
O-000638,U-0087,P-0027,4,2025-05-29T13:45:28.801688,124.88
O-000639,U-0053,P-0043,3,2025-07-05T13:45:28.801691,155.76
O-000640,U-0017,P-0038,3,2025-06-24T13:45:28.801695,833.28
O-000641,U-0061,P-0025,3,2025-03-06T13:45:28.801698,404.31
O-000642,U-0020,P-0000,5,2025-02-10T13:45:28.801702,1686.0
O-000643,U-0090,P-0041,5,2025-11-13T13:45:28.801705,2383.55
O-000644,U-0008,P-0013,1,2025-11-22T13:45:28.801709,296.18
O-000645,U-0012,P-0044,2,2025-07-22T13:45:28.801712,885.12
O-000646,U-0094,P-0034,2,2025-03-19T13:45:28.801715,758.9
O-000647,U-0038,P-0015,3,2025-05-02T13:45:28.801719,437.37
O-000648,U-0011,P-0014,4,2025-05-04T13:45:28.801722,308.28
O-000649,U-0051,P-0044,1,2025-07-13T13:45:28.801725,442.56
O-000650,U-0089,P-0002,3,2025-11-02T13:45:28.801729,678.33
O-000651,U-0084,P-0016,2,2025-01-19T13:45:28.801732,88.38
O-000652,U-0003,P-0029,1,2025-10-21T13:45:28.801736,273.8
O-000653,U-0002,P-0005,3,2025-01-30T13:45:28.801739,919.17
O-000654,U-0095,P-0017,4,2025-03-26T13:45:28.801743,308.88
O-000655,U-0033,P-0017,5,2024-12-31T13:45:28.801746,386.1
O-000656,U-0068,P-0006,4,2025-06-21T13:45:28.801750,329.76
O-000657,U-0094,P-0018,5,2025-03-29T13:45:28.801753,1407.95
O-000658,U-0022,P-0022,5,2025-08-28T13:45:28.801757,473.5
O-000659,U-0040,P-0028,3,2025-03-08T13:45:28.801760,947.58
O-000660,U-0074,P-0043,5,2025-06-04T13:45:28.801764,259.6
O-000661,U-0065,P-0036,4,2025-03-01T13:45:28.801767,703.16
O-000662,U-0033,P-0028,4,2025-03-01T13:45:28.801770,1263.44
O-000663,U-0089,P-0008,4,2025-07-09T13:45:28.801774,363.76
O-000664,U-0025,P-0022,4,2025-06-21T13:45:28.801777,378.8
O-000665,U-0055,P-0027,4,2025-10-20T13:45:28.801780,124.88
O-000666,U-0027,P-0042,4,2025-03-10T13:45:28.801784,685.4
O-000667,U-0036,P-0027,1,2025-09-25T13:45:28.801788,31.22
O-000668,U-0030,P-0004,1,2025-11-13T13:45:28.801792,284.8
O-000669,U-0062,P-0030,1,2025-06-29T13:45:28.801796,17.65
O-000670,U-0055,P-0009,2,2025-09-02T13:45:28.801800,878.86
O-000671,U-0038,P-0018,2,2025-04-02T13:45:28.801803,563.18
O-000672,U-0094,P-0026,3,2025-11-08T13:45:28.801807,585.18
O-000673,U-0016,P-0029,3,2025-04-02T13:45:28.801810,821.4
O-000674,U-0089,P-0028,1,2025-09-11T13:45:28.801814,315.86
O-000675,U-0075,P-0023,3,2025-09-01T13:45:28.801817,197.91
O-000676,U-0058,P-0020,1,2025-06-21T13:45:28.801820,153.63
O-000677,U-0039,P-0042,2,2025-04-05T13:45:28.801824,342.7
O-000678,U-0027,P-0030,4,2025-02-15T13:45:28.801827,70.6
O-000679,U-0000,P-0012,2,2025-04-21T13:45:28.801831,152.42
O-000680,U-0037,P-0010,2,2025-11-28T13:45:28.801842,132.24
O-000681,U-0068,P-0036,1,2025-06-25T13:45:28.801846,175.79
O-000682,U-0098,P-0024,1,2025-01-05T13:45:28.801850,409.92
O-000683,U-0041,P-0009,3,2025-06-22T13:45:28.801854,1318.29
O-000684,U-0046,P-0037,1,2025-09-03T13:45:28.801857,482.84
O-000685,U-0067,P-0035,3,2025-11-20T13:45:28.801861,857.01
O-000686,U-0055,P-0032,4,2025-08-25T13:45:28.801864,470.12
O-000687,U-0089,P-0038,2,2025-09-16T13:45:28.801868,555.52
O-000688,U-0070,P-0030,3,2025-08-27T13:45:28.801871,52.95
O-000689,U-0009,P-0042,5,2025-05-02T13:45:28.801874,856.75
O-000690,U-0029,P-0013,4,2025-04-09T13:45:28.801878,1184.72
O-000691,U-0082,P-0019,4,2025-03-24T13:45:28.801881,785.16
O-000692,U-0093,P-0020,2,2025-07-26T13:45:28.801885,307.26
O-000693,U-0078,P-0038,4,2025-06-07T13:45:28.801888,1111.04
O-000694,U-0072,P-0025,2,2025-12-01T13:45:28.801892,269.54
O-000695,U-0012,P-0042,2,2025-06-04T13:45:28.801896,342.7
O-000696,U-0013,P-0040,4,2025-02-22T13:45:28.801899,1837.32
O-000697,U-0012,P-0000,2,2025-08-07T13:45:28.801903,674.4
O-000698,U-0081,P-0030,1,2025-03-28T13:45:28.801906,17.65
O-000699,U-0089,P-0019,1,2025-03-19T13:45:28.801910,196.29
O-000700,U-0007,P-0008,2,2025-10-21T13:45:28.801913,181.88
O-000701,U-0063,P-0010,2,2025-02-09T13:45:28.801917,132.24
O-000702,U-0012,P-0011,1,2025-05-11T13:45:28.801920,325.93
O-000703,U-0085,P-0046,1,2025-09-19T13:45:28.801924,45.74
O-000704,U-0082,P-0035,1,2025-03-16T13:45:28.801927,285.67
O-000705,U-0022,P-0040,4,2025-01-14T13:45:28.801931,1837.32
O-000706,U-0038,P-0040,3,2025-11-04T13:45:28.801934,1377.99
O-000707,U-0023,P-0015,3,2025-04-21T13:45:28.801938,437.37
O-000708,U-0010,P-0024,4,2025-02-23T13:45:28.801941,1639.68
O-000709,U-0016,P-0038,3,2025-07-25T13:45:28.801945,833.28
O-000710,U-0087,P-0030,3,2025-11-27T13:45:28.801948,52.95
O-000711,U-0078,P-0013,3,2025-03-27T13:45:28.801952,888.54
O-000712,U-0023,P-0032,4,2025-01-06T13:45:28.801955,470.12
O-000713,U-0096,P-0008,3,2025-10-24T13:45:28.801959,272.82
O-000714,U-0008,P-0028,2,2025-01-28T13:45:28.801962,631.72
O-000715,U-0011,P-0045,5,2025-02-12T13:45:28.801966,808.25
O-000716,U-0036,P-0030,3,2025-12-09T13:45:28.801970,52.95
O-000717,U-0072,P-0015,1,2025-11-10T13:45:28.801973,145.79
O-000718,U-0036,P-0014,3,2025-10-07T13:45:28.801977,231.21
O-000719,U-0049,P-0016,2,2025-04-28T13:45:28.801980,88.38
O-000720,U-0030,P-0039,2,2025-06-28T13:45:28.801984,827.8
O-000721,U-0059,P-0004,1,2025-07-07T13:45:28.801987,284.8
O-000722,U-0051,P-0048,2,2025-10-14T13:45:28.801990,795.0
O-000723,U-0036,P-0043,3,2025-03-27T13:45:28.801994,155.76
O-000724,U-0014,P-0045,1,2025-02-10T13:45:28.801998,161.65
O-000725,U-0011,P-0038,3,2025-03-19T13:45:28.802001,833.28
O-000726,U-0045,P-0041,3,2025-05-12T13:45:28.802005,1430.13
O-000727,U-0074,P-0027,2,2025-11-21T13:45:28.802008,62.44
O-000728,U-0074,P-0045,4,2025-01-13T13:45:28.802011,646.6
O-000729,U-0003,P-0049,2,2025-08-05T13:45:28.802015,116.12
O-000730,U-0056,P-0027,4,2025-01-25T13:45:28.802018,124.88
O-000731,U-0097,P-0046,4,2025-09-30T13:45:28.802022,182.96
O-000732,U-0090,P-0042,1,2025-05-25T13:45:28.802025,171.35
O-000733,U-0035,P-0038,2,2025-05-31T13:45:28.802028,555.52
O-000734,U-0019,P-0006,1,2025-03-04T13:45:28.802032,82.44
O-000735,U-0043,P-0015,4,2025-07-25T13:45:28.802035,583.16
O-000736,U-0035,P-0026,1,2025-07-08T13:45:28.802039,195.06
O-000737,U-0086,P-0044,4,2025-07-31T13:45:28.802042,1770.24
O-000738,U-0028,P-0024,2,2025-09-02T13:45:28.802045,819.84
O-000739,U-0085,P-0001,1,2025-09-12T13:45:28.802049,454.51
O-000740,U-0002,P-0044,5,2025-04-19T13:45:28.802052,2212.8
O-000741,U-0060,P-0028,5,2025-08-15T13:45:28.802056,1579.3
O-000742,U-0088,P-0040,5,2025-08-18T13:45:28.802059,2296.65
O-000743,U-0045,P-0013,3,2025-07-22T13:45:28.802063,888.54
O-000744,U-0019,P-0038,2,2025-10-11T13:45:28.802066,555.52
O-000745,U-0015,P-0045,5,2025-05-23T13:45:28.802070,808.25
O-000746,U-0094,P-0005,3,2025-04-08T13:45:28.802073,919.17
O-000747,U-0098,P-0026,3,2025-08-20T13:45:28.802077,585.18
O-000748,U-0096,P-0010,2,2025-12-04T13:45:28.802080,132.24
O-000749,U-0092,P-0015,3,2025-09-07T13:45:28.802084,437.37
O-000750,U-0014,P-0022,2,2025-02-10T13:45:28.802087,189.4
O-000751,U-0098,P-0006,1,2025-02-02T13:45:28.802091,82.44
O-000752,U-0040,P-0031,3,2025-07-07T13:45:28.802094,1248.84
O-000753,U-0001,P-0005,3,2025-01-25T13:45:28.802097,919.17
O-000754,U-0038,P-0041,5,2025-01-01T13:45:28.802101,2383.55
O-000755,U-0068,P-0004,5,2025-06-28T13:45:28.802104,1424.0
O-000756,U-0032,P-0028,3,2025-03-27T13:45:28.802108,947.58
O-000757,U-0030,P-0047,5,2025-05-23T13:45:28.802111,2260.25
O-000758,U-0005,P-0006,3,2025-01-28T13:45:28.802115,247.32
O-000759,U-0052,P-0014,4,2025-12-05T13:45:28.802118,308.28
O-000760,U-0060,P-0040,2,2025-07-13T13:45:28.802121,918.66
O-000761,U-0022,P-0001,5,2025-02-13T13:45:28.802125,2272.55
O-000762,U-0041,P-0036,3,2025-10-25T13:45:28.802128,527.37
O-000763,U-0004,P-0028,2,2025-06-24T13:45:28.802132,631.72
O-000764,U-0015,P-0046,4,2025-12-12T13:45:28.802135,182.96
O-000765,U-0018,P-0006,5,2024-12-28T13:45:28.802138,412.2
O-000766,U-0064,P-0039,4,2025-06-09T13:45:28.802142,1655.6
O-000767,U-0091,P-0009,2,2025-12-06T13:45:28.802145,878.86
O-000768,U-0035,P-0011,4,2025-05-28T13:45:28.802149,1303.72
O-000769,U-0019,P-0048,2,2025-01-27T13:45:28.802152,795.0
O-000770,U-0037,P-0017,2,2025-10-18T13:45:28.802156,154.44
O-000771,U-0028,P-0049,3,2025-11-10T13:45:28.802159,174.18
O-000772,U-0024,P-0031,3,2025-06-18T13:45:28.802162,1248.84
O-000773,U-0028,P-0003,3,2025-08-31T13:45:28.802166,743.88
O-000774,U-0087,P-0007,4,2025-10-21T13:45:28.802169,821.88
O-000775,U-0070,P-0010,2,2025-04-01T13:45:28.802173,132.24
O-000776,U-0089,P-0016,2,2025-12-12T13:45:28.802176,88.38
O-000777,U-0039,P-0025,2,2025-07-21T13:45:28.802179,269.54
O-000778,U-0037,P-0009,5,2025-05-27T13:45:28.802183,2197.15
O-000779,U-0050,P-0040,3,2025-09-13T13:45:28.802186,1377.99
O-000780,U-0091,P-0009,5,2025-08-30T13:45:28.802190,2197.15
O-000781,U-0068,P-0025,3,2025-09-30T13:45:28.802193,404.31
O-000782,U-0075,P-0020,4,2025-10-24T13:45:28.802196,614.52
O-000783,U-0022,P-0010,2,2025-03-22T13:45:28.802200,132.24
O-000784,U-0030,P-0034,3,2025-02-18T13:45:28.802203,1138.35
O-000785,U-0079,P-0011,5,2025-05-27T13:45:28.802207,1629.65
O-000786,U-0023,P-0030,3,2025-11-20T13:45:28.802210,52.95
O-000787,U-0035,P-0046,4,2025-02-10T13:45:28.802214,182.96
O-000788,U-0042,P-0019,4,2025-01-24T13:45:28.802217,785.16
O-000789,U-0034,P-0010,1,2025-06-23T13:45:28.802221,66.12
O-000790,U-0007,P-0022,2,2025-02-23T13:45:28.802224,189.4
O-000791,U-0015,P-0001,5,2025-11-27T13:45:28.802227,2272.55
O-000792,U-0046,P-0021,2,2025-09-11T13:45:28.802231,475.52
O-000793,U-0006,P-0001,4,2025-05-01T13:45:28.802234,1818.04
O-000794,U-0077,P-0041,3,2025-11-02T13:45:28.802238,1430.13
O-000795,U-0069,P-0010,5,2025-03-01T13:45:28.802241,330.6
O-000796,U-0003,P-0047,3,2025-04-25T13:45:28.802245,1356.15
O-000797,U-0012,P-0008,4,2025-03-17T13:45:28.802248,363.76
O-000798,U-0059,P-0019,4,2025-01-15T13:45:28.802252,785.16
O-000799,U-0000,P-0030,4,2025-01-31T13:45:28.802255,70.6
O-000800,U-0068,P-0006,5,2025-03-04T13:45:28.802258,412.2
O-000801,U-0023,P-0023,1,2025-07-06T13:45:28.802262,65.97
O-000802,U-0023,P-0008,4,2025-02-12T13:45:28.802265,363.76
O-000803,U-0054,P-0035,5,2025-01-21T13:45:28.802268,1428.35
O-000804,U-0014,P-0036,4,2025-04-16T13:45:28.802272,703.16
O-000805,U-0030,P-0007,3,2025-07-21T13:45:28.802275,616.41
O-000806,U-0050,P-0042,3,2025-08-07T13:45:28.802279,514.05
O-000807,U-0097,P-0003,4,2025-07-09T13:45:28.802282,991.84
O-000808,U-0043,P-0009,4,2025-11-13T13:45:28.802286,1757.72
O-000809,U-0087,P-0011,5,2025-06-25T13:45:28.802289,1629.65
O-000810,U-0071,P-0026,4,2025-12-14T13:45:28.802292,780.24
O-000811,U-0038,P-0045,2,2025-01-16T13:45:28.802296,323.3
O-000812,U-0018,P-0031,5,2025-07-03T13:45:28.802299,2081.4
O-000813,U-0063,P-0028,4,2025-05-14T13:45:28.802303,1263.44
O-000814,U-0098,P-0043,5,2025-12-03T13:45:28.802306,259.6
O-000815,U-0009,P-0030,3,2025-10-18T13:45:28.802309,52.95
O-000816,U-0020,P-0030,2,2025-11-20T13:45:28.802319,35.3
O-000817,U-0041,P-0038,5,2025-11-01T13:45:28.802323,1388.8
O-000818,U-0085,P-0044,2,2025-04-03T13:45:28.802327,885.12
O-000819,U-0084,P-0045,5,2025-12-05T13:45:28.802330,808.25
O-000820,U-0095,P-0032,1,2025-06-19T13:45:28.802333,117.53
O-000821,U-0006,P-0003,5,2025-10-08T13:45:28.802337,1239.8
O-000822,U-0054,P-0020,4,2025-07-25T13:45:28.802340,614.52
O-000823,U-0074,P-0035,3,2025-02-23T13:45:28.802343,857.01
O-000824,U-0086,P-0046,5,2025-03-07T13:45:28.802347,228.7
O-000825,U-0099,P-0026,3,2025-07-27T13:45:28.802350,585.18
O-000826,U-0084,P-0035,4,2025-07-19T13:45:28.802354,1142.68
O-000827,U-0040,P-0010,4,2025-03-13T13:45:28.802357,264.48
O-000828,U-0066,P-0013,3,2025-11-16T13:45:28.802360,888.54
O-000829,U-0056,P-0010,5,2025-03-24T13:45:28.802364,330.6
O-000830,U-0006,P-0031,2,2025-10-04T13:45:28.802367,832.56
O-000831,U-0069,P-0002,3,2025-05-18T13:45:28.802370,678.33
O-000832,U-0005,P-0001,5,2025-02-05T13:45:28.802374,2272.55
O-000833,U-0024,P-0039,5,2025-10-15T13:45:28.802377,2069.5
O-000834,U-0028,P-0020,5,2025-12-02T13:45:28.802381,768.15
O-000835,U-0046,P-0048,3,2025-02-11T13:45:28.802384,1192.5
O-000836,U-0028,P-0000,2,2025-09-20T13:45:28.802388,674.4
O-000837,U-0054,P-0038,1,2025-07-15T13:45:28.802391,277.76
O-000838,U-0090,P-0011,1,2025-09-23T13:45:28.802394,325.93
O-000839,U-0079,P-0031,3,2025-02-09T13:45:28.802398,1248.84
O-000840,U-0025,P-0018,1,2025-10-07T13:45:28.802401,281.59
O-000841,U-0036,P-0020,1,2025-08-27T13:45:28.802405,153.63
O-000842,U-0044,P-0018,1,2025-12-04T13:45:28.802408,281.59
O-000843,U-0087,P-0025,2,2025-03-15T13:45:28.802411,269.54
O-000844,U-0007,P-0000,5,2025-10-10T13:45:28.802415,1686.0
O-000845,U-0003,P-0044,3,2025-01-25T13:45:28.802418,1327.68
O-000846,U-0036,P-0042,1,2025-03-14T13:45:28.802422,171.35
O-000847,U-0005,P-0031,4,2025-12-02T13:45:28.802425,1665.12
O-000848,U-0054,P-0044,4,2025-06-10T13:45:28.802428,1770.24
O-000849,U-0067,P-0028,2,2025-03-23T13:45:28.802432,631.72
O-000850,U-0042,P-0010,3,2025-07-06T13:45:28.802435,198.36
O-000851,U-0036,P-0006,2,2025-06-01T13:45:28.802439,164.88
O-000852,U-0016,P-0007,5,2025-02-05T13:45:28.802442,1027.35
O-000853,U-0090,P-0032,2,2025-07-28T13:45:28.802445,235.06
O-000854,U-0085,P-0000,5,2025-09-17T13:45:28.802449,1686.0
O-000855,U-0035,P-0004,1,2025-01-13T13:45:28.802452,284.8
O-000856,U-0083,P-0012,5,2025-01-28T13:45:28.802455,381.05
O-000857,U-0059,P-0022,1,2025-06-14T13:45:28.802459,94.7
O-000858,U-0093,P-0000,4,2025-02-08T13:45:28.802462,1348.8
O-000859,U-0007,P-0000,4,2025-07-28T13:45:28.802466,1348.8
O-000860,U-0018,P-0007,2,2025-04-09T13:45:28.802469,410.94
O-000861,U-0099,P-0034,5,2025-12-16T13:45:28.802472,1897.25
O-000862,U-0059,P-0011,1,2025-03-15T13:45:28.802476,325.93
O-000863,U-0039,P-0018,1,2025-09-26T13:45:28.802479,281.59
O-000864,U-0087,P-0021,1,2025-12-16T13:45:28.802482,237.76
O-000865,U-0015,P-0007,3,2025-07-24T13:45:28.802486,616.41
O-000866,U-0000,P-0033,1,2025-07-01T13:45:28.802489,232.64
O-000867,U-0054,P-0010,4,2025-08-22T13:45:28.802492,264.48
O-000868,U-0043,P-0020,3,2025-02-28T13:45:28.802495,460.89
O-000869,U-0044,P-0001,3,2025-09-02T13:45:28.802499,1363.53
O-000870,U-0051,P-0029,1,2025-03-07T13:45:28.802502,273.8
O-000871,U-0088,P-0043,3,2025-12-06T13:45:28.802505,155.76
O-000872,U-0078,P-0028,5,2025-05-26T13:45:28.802509,1579.3
O-000873,U-0065,P-0025,2,2025-07-08T13:45:28.802512,269.54
O-000874,U-0083,P-0010,5,2025-01-16T13:45:28.802516,330.6
O-000875,U-0016,P-0043,5,2025-02-01T13:45:28.802519,259.6
O-000876,U-0004,P-0037,2,2025-11-03T13:45:28.802522,965.68
O-000877,U-0047,P-0015,2,2025-07-31T13:45:28.802526,291.58
O-000878,U-0008,P-0019,5,2025-11-07T13:45:28.802529,981.45
O-000879,U-0069,P-0013,2,2025-11-05T13:45:28.802533,592.36
O-000880,U-0012,P-0032,3,2025-02-16T13:45:28.802536,352.59
O-000881,U-0063,P-0043,5,2025-12-23T13:45:28.802539,259.6
O-000882,U-0025,P-0040,1,2025-05-28T13:45:28.802543,459.33
O-000883,U-0000,P-0000,3,2025-03-15T13:45:28.802546,1011.6
O-000884,U-0022,P-0021,5,2025-10-24T13:45:28.802549,1188.8
O-000885,U-0073,P-0010,4,2025-12-20T13:45:28.802553,264.48
O-000886,U-0022,P-0011,2,2025-10-10T13:45:28.802556,651.86
O-000887,U-0051,P-0045,2,2025-07-03T13:45:28.802559,323.3
O-000888,U-0091,P-0021,3,2025-06-24T13:45:28.802563,713.28
O-000889,U-0019,P-0041,3,2025-11-16T13:45:28.802566,1430.13
O-000890,U-0096,P-0000,4,2025-08-11T13:45:28.802569,1348.8
O-000891,U-0007,P-0031,3,2025-07-27T13:45:28.802573,1248.84
O-000892,U-0024,P-0002,2,2025-03-21T13:45:28.802576,452.22
O-000893,U-0038,P-0009,4,2025-01-17T13:45:28.802580,1757.72
O-000894,U-0060,P-0012,1,2025-02-27T13:45:28.802583,76.21
O-000895,U-0064,P-0016,2,2025-05-21T13:45:28.802586,88.38
O-000896,U-0085,P-0012,5,2025-08-16T13:45:28.802590,381.05
O-000897,U-0096,P-0024,2,2025-11-15T13:45:28.802593,819.84
O-000898,U-0089,P-0001,3,2025-11-29T13:45:28.802596,1363.53
O-000899,U-0039,P-0002,3,2025-04-20T13:45:28.802600,678.33
O-000900,U-0019,P-0010,5,2025-01-19T13:45:28.802603,330.6
O-000901,U-0045,P-0042,5,2025-09-07T13:45:28.802607,856.75
O-000902,U-0070,P-0049,1,2025-06-01T13:45:28.802610,58.06
O-000903,U-0053,P-0020,2,2025-10-31T13:45:28.802613,307.26
O-000904,U-0097,P-0006,5,2025-05-31T13:45:28.802617,412.2
O-000905,U-0024,P-0005,3,2025-08-08T13:45:28.802620,919.17
O-000906,U-0075,P-0006,1,2025-01-06T13:45:28.802624,82.44
O-000907,U-0056,P-0017,5,2025-10-03T13:45:28.802627,386.1
O-000908,U-0053,P-0046,3,2025-11-09T13:45:28.802630,137.22
O-000909,U-0054,P-0041,2,2025-09-04T13:45:28.802633,953.42
O-000910,U-0052,P-0036,3,2025-10-19T13:45:28.802637,527.37
O-000911,U-0090,P-0015,1,2025-06-03T13:45:28.802640,145.79
O-000912,U-0035,P-0035,5,2025-08-30T13:45:28.802644,1428.35
O-000913,U-0068,P-0033,2,2025-08-14T13:45:28.802647,465.28
O-000914,U-0001,P-0046,3,2025-10-28T13:45:28.802650,137.22
O-000915,U-0099,P-0017,4,2025-12-19T13:45:28.802654,308.88
O-000916,U-0003,P-0002,3,2024-12-26T13:45:28.802657,678.33
O-000917,U-0067,P-0049,3,2025-03-27T13:45:28.802660,174.18
O-000918,U-0084,P-0040,3,2025-11-03T13:45:28.802664,1377.99
O-000919,U-0038,P-0024,4,2025-05-18T13:45:28.802667,1639.68
O-000920,U-0054,P-0027,5,2025-07-31T13:45:28.802671,156.1
O-000921,U-0076,P-0017,2,2025-09-18T13:45:28.802674,154.44
O-000922,U-0090,P-0033,3,2025-06-11T13:45:28.802677,697.92
O-000923,U-0038,P-0048,4,2025-06-21T13:45:28.802680,1590.0
O-000924,U-0037,P-0008,1,2025-07-10T13:45:28.802684,90.94
O-000925,U-0060,P-0038,2,2025-04-24T13:45:28.802687,555.52
O-000926,U-0074,P-0041,2,2025-03-20T13:45:28.802690,953.42
O-000927,U-0015,P-0002,2,2025-08-05T13:45:28.802694,452.22
O-000928,U-0046,P-0027,3,2025-04-08T13:45:28.802697,93.66
O-000929,U-0008,P-0011,2,2025-02-04T13:45:28.802701,651.86
O-000930,U-0065,P-0017,3,2025-05-27T13:45:28.802704,231.66
O-000931,U-0068,P-0046,1,2025-01-28T13:45:28.802708,45.74
O-000932,U-0022,P-0041,4,2025-10-31T13:45:28.802711,1906.84
O-000933,U-0065,P-0020,3,2025-10-09T13:45:28.802714,460.89
O-000934,U-0013,P-0015,2,2025-04-15T13:45:28.802718,291.58
O-000935,U-0025,P-0022,4,2025-05-01T13:45:28.802721,378.8
O-000936,U-0064,P-0031,3,2025-06-29T13:45:28.802724,1248.84
O-000937,U-0052,P-0003,1,2025-06-28T13:45:28.802727,247.96
O-000938,U-0078,P-0041,4,2025-06-12T13:45:28.802731,1906.84
O-000939,U-0085,P-0024,3,2025-03-22T13:45:28.802734,1229.76
O-000940,U-0098,P-0025,1,2025-02-02T13:45:28.802738,134.77
O-000941,U-0083,P-0015,4,2025-01-14T13:45:28.802741,583.16
O-000942,U-0065,P-0047,2,2025-03-27T13:45:28.802745,904.1
O-000943,U-0010,P-0037,3,2024-12-27T13:45:28.802748,1448.52
O-000944,U-0061,P-0002,5,2025-10-16T13:45:28.802752,1130.55
O-000945,U-0075,P-0024,3,2025-05-20T13:45:28.802755,1229.76
O-000946,U-0060,P-0004,3,2025-03-16T13:45:28.802758,854.4
O-000947,U-0009,P-0026,3,2025-01-16T13:45:28.802762,585.18
O-000948,U-0088,P-0019,5,2025-08-05T13:45:28.802765,981.45
O-000949,U-0056,P-0044,1,2025-11-05T13:45:28.802769,442.56
O-000950,U-0012,P-0025,2,2025-08-23T13:45:28.802772,269.54
O-000951,U-0083,P-0046,4,2025-09-18T13:45:28.802775,182.96
O-000952,U-0092,P-0023,4,2025-07-28T13:45:28.802786,263.88
O-000953,U-0058,P-0028,4,2025-01-17T13:45:28.802790,1263.44
O-000954,U-0001,P-0044,4,2025-11-18T13:45:28.802793,1770.24
O-000955,U-0013,P-0031,5,2025-12-13T13:45:28.802797,2081.4
O-000956,U-0052,P-0014,1,2025-04-10T13:45:28.802800,77.07
O-000957,U-0072,P-0032,5,2025-09-19T13:45:28.802803,587.65
O-000958,U-0013,P-0041,1,2025-06-10T13:45:28.802807,476.71
O-000959,U-0088,P-0016,3,2025-06-16T13:45:28.802810,132.57
O-000960,U-0017,P-0020,4,2025-01-29T13:45:28.802814,614.52
O-000961,U-0062,P-0002,1,2025-07-23T13:45:28.802817,226.11
O-000962,U-0019,P-0038,2,2025-08-11T13:45:28.802820,555.52
O-000963,U-0082,P-0043,1,2025-06-28T13:45:28.802824,51.92
O-000964,U-0004,P-0025,1,2025-10-28T13:45:28.802827,134.77
O-000965,U-0022,P-0029,2,2025-03-12T13:45:28.802830,547.6
O-000966,U-0022,P-0010,1,2025-02-17T13:45:28.802834,66.12
O-000967,U-0006,P-0000,3,2025-09-22T13:45:28.802837,1011.6
O-000968,U-0029,P-0031,3,2025-01-08T13:45:28.802840,1248.84
O-000969,U-0036,P-0011,3,2025-09-07T13:45:28.802844,977.79
O-000970,U-0028,P-0007,5,2025-02-15T13:45:28.802847,1027.35
O-000971,U-0029,P-0024,1,2025-07-06T13:45:28.802850,409.92
O-000972,U-0099,P-0046,4,2025-10-22T13:45:28.802854,182.96
O-000973,U-0062,P-0024,3,2024-12-30T13:45:28.802857,1229.76
O-000974,U-0067,P-0028,5,2025-02-08T13:45:28.802860,1579.3
O-000975,U-0010,P-0033,4,2025-06-22T13:45:28.802864,930.56
O-000976,U-0024,P-0005,3,2025-12-17T13:45:28.802867,919.17
O-000977,U-0070,P-0006,3,2025-03-04T13:45:28.802871,247.32
O-000978,U-0084,P-0007,5,2025-11-15T13:45:28.802874,1027.35
O-000979,U-0015,P-0037,3,2025-10-02T13:45:28.802877,1448.52
O-000980,U-0084,P-0021,3,2025-01-11T13:45:28.802881,713.28
O-000981,U-0018,P-0020,5,2025-09-19T13:45:28.802884,768.15
O-000982,U-0048,P-0007,3,2025-06-26T13:45:28.802887,616.41
O-000983,U-0057,P-0048,5,2025-11-04T13:45:28.802891,1987.5
O-000984,U-0021,P-0018,1,2025-05-23T13:45:28.802894,281.59
O-000985,U-0075,P-0027,2,2025-01-06T13:45:28.802897,62.44
O-000986,U-0066,P-0012,3,2025-08-26T13:45:28.802901,228.63
O-000987,U-0014,P-0027,1,2025-02-07T13:45:28.802904,31.22
O-000988,U-0031,P-0041,5,2025-05-03T13:45:28.802907,2383.55
O-000989,U-0040,P-0010,2,2025-07-09T13:45:28.802911,132.24
O-000990,U-0078,P-0038,5,2025-02-07T13:45:28.802914,1388.8
O-000991,U-0009,P-0033,5,2024-12-27T13:45:28.802918,1163.2
O-000992,U-0075,P-0045,2,2025-12-23T13:45:28.802921,323.3
O-000993,U-0091,P-0012,2,2025-03-05T13:45:28.802924,152.42
O-000994,U-0090,P-0038,4,2025-04-19T13:45:28.802928,1111.04
O-000995,U-0028,P-0032,4,2025-08-23T13:45:28.802931,470.12
O-000996,U-0063,P-0016,4,2025-09-28T13:45:28.802935,176.76
O-000997,U-0066,P-0016,4,2025-02-18T13:45:28.802938,176.76
O-000998,U-0012,P-0004,1,2025-04-19T13:45:28.802941,284.8
O-000999,U-0045,P-0011,5,2025-03-13T13:45:28.802945,1629.65
